product_name,manufacturer,current_price,quantity,category,subcategory,discount_percentage
Product 118,Realbridge,872421.01,5539,Toys,Appliances,5.7
Product 556,Skyba,864578.95,9566,Sports,Appliances,9.05
Product 94,Devshare,140069.16,9897,Sports,Board Games,29.87
Product 617,Quatz,583571.96,6052,Clothing,TVs,58.81
Product 594,Photojam,514589.67,1644,Beauty,Pants,55.76
Product 193,Rooxo,751449,9359,Clothing,Laptops,12.72
Product 139,Camido,638425.38,7614,Food,Fiction,27.36
Product 917,Jabbersphere,535755.5,5007,Electronics,Snacks,17.63
Product 674,Meevee,723386.18,5385,Books,Furniture,70.96
Product 23,Meezzy,438721.61,1686,Sports,Furniture,30.89
Product 881,Chatterpoint,220928.35,8724,Clothing,Makeup,50.96
Product 254,Livefish,338317.02,4632,Clothing,Snacks,97.51
Product 627,Twitterlist,267995.91,2589,Toys,Laptops,30.33
Product 594,Realblab,692828.33,4647,Beauty,Makeup,8.04
Product 711,Fiveclub,426193.22,8584,Sports,Fitness,11.1
Product 480,Aibox,211913.63,2549,Clothing,Fiction,7.04
Product 586,Skyvu,168394.5,870,Electronics,TVs,13.66
Product 16,Oba,796733.98,9630,Books,Shirts,97.18
Product 183,Photolist,654276.81,4516,Clothing,Furniture,30.08
Product 322,Skipfire,998610.82,5832,Beauty,Makeup,15.46
Product 318,Twimbo,939705.93,4128,Food,Snacks,78.83
Product 399,Gabvine,119516.47,3155,Food,Laptops,11.08
Product 127,Skalith,674670.42,5549,Toys,Non-Fiction,80.54
Product 273,Gevee,710589.54,7591,Home,Snacks,83.13
Product 831,Katz,975051.5,8908,Books,Furniture,29.05
Product 546,Meevee,154623.18,4947,Electronics,Shirts,45.57
Product 405,Lazzy,240497.9,7024,Books,Laptops,96.35
Product 875,Yabox,382083.11,847,Books,Beverages,36.66
Product 239,Kwimbee,78900.32,1864,Books,Snacks,36.31
Product 437,Yamia,724332.55,6736,Clothing,Skincare,41.41
Product 722,Agivu,342233.32,4227,Electronics,Fiction,37.29
Product 206,Cogilith,256702.92,2533,Books,Laptops,15.87
Product 478,Skipstorm,252930.9,225,Sports,Laptops,41.59
Product 219,Skilith,538877.07,3036,Toys,Non-Fiction,42.74
Product 203,Oloo,570008.54,8290,Beauty,Laptops,31.84
Product 168,Wordware,276368.79,2027,Sports,Furniture,25.85
Product 995,Linklinks,134144.24,8785,Beauty,Snacks,54.17
Product 848,Wikizz,370135.96,8508,Beauty,Snacks,1.83
Product 950,Skipfire,117159.42,7063,Sports,Fiction,84.91
Product 36,Twiyo,300375.22,1425,Food,Appliances,90.85
Product 15,Yambee,692807.24,813,Toys,Appliances,83.95
Product 162,Aimbu,282425.49,8277,Food,Snacks,8.89
Product 984,Mydeo,475603.43,9305,Home,Fiction,48.11
Product 926,Muxo,8683.29,4412,Home,Laptops,6.29
Product 531,Eare,889394.6,9896,Beauty,Laptops,38.44
Product 480,BlogXS,980730.39,7333,Home,Non-Fiction,64.46
Product 319,Snaptags,115588.76,6012,Books,Non-Fiction,73.81
Product 10,Thoughtworks,167469.12,6793,Clothing,Fitness,1.26
Product 335,Mycat,124557.06,4595,Books,Appliances,57.78
Product 1000,Edgeblab,677528.99,1825,Sports,Snacks,52
Product 908,Dabtype,570015.73,7022,Food,Board Games,11.58
Product 27,Omba,443436.43,3522,Sports,Makeup,8.13
Product 737,Chatterpoint,763758.26,5771,Electronics,Pants,13.52
Product 84,Tagopia,978433.15,9213,Home,Non-Fiction,64.9
Product 55,Kwideo,562415.03,6532,Food,Snacks,92.7
Product 55,Edgetag,532825.87,316,Sports,Shirts,25.99
Product 86,Feedmix,954643.4,556,Electronics,Fitness,42.14
Product 806,Brainsphere,727335.59,5900,Clothing,Furniture,84.72
Product 87,Realblab,9727.65,9883,Clothing,Fitness,25.8
Product 746,Eamia,584596.24,7359,Home,Shirts,64.33
Product 20,Dabjam,921122.46,1606,Clothing,TVs,4.16
Product 201,Edgetag,337829.93,618,Home,Skincare,75.18
Product 793,Edgewire,425946.93,1896,Beauty,Beverages,1.3
Product 94,Mynte,139988.88,2719,Food,Beverages,49.39
Product 527,Linktype,543710.04,8635,Toys,Snacks,47.14
Product 115,Quimm,594741.43,780,Toys,Board Games,81.68
Product 881,Edgewire,948585.28,9383,Books,Board Games,30.82
Product 369,Zoombox,176025.32,3053,Books,Makeup,77.32
Product 576,Lajo,898685.64,7240,Home,Board Games,78.46
Product 949,Yakidoo,289468.73,3194,Home,TVs,1.96
Product 561,Edgewire,782632.39,1128,Clothing,Fiction,14.09
Product 556,Brainbox,480957.12,9414,Food,Non-Fiction,88.79
Product 669,Eamia,477250.01,1656,Beauty,Snacks,84.21
Product 950,Brainsphere,211071.74,6304,Sports,Laptops,35.41
Product 952,Kwideo,74699.59,2997,Toys,Board Games,30.33
Product 705,Quamba,656614.14,3868,Home,Board Games,0.09
Product 552,Jayo,540834.41,4596,Sports,Pants,71.37
Product 56,Buzzdog,162668.08,2847,Food,Fitness,49.15
Product 757,Kare,816514.58,747,Electronics,Fitness,80.05
Product 876,Zoonder,165029.78,8973,Home,Pants,57.44
Product 596,Skalith,627301.73,2590,Sports,Fiction,62.56
Product 521,Buzzdog,605673.62,7614,Toys,Non-Fiction,76.86
Product 702,Meembee,869007.73,2385,Clothing,Laptops,18.89
Product 38,Skinix,428427.28,2051,Toys,Appliances,94.74
Product 90,Talane,222354.79,2915,Electronics,Skincare,42.42
Product 948,Oloo,950747.55,4170,Clothing,Laptops,84.63
Product 31,Brainsphere,882847.69,9479,Electronics,Skincare,22.75
Product 778,Topicblab,207129.1,4021,Food,Board Games,38.27
Product 535,Leenti,618979.88,788,Books,Shirts,51.02
Product 641,Ozu,834434.35,9858,Clothing,Fiction,59.5
Product 770,Rhycero,374672.02,8073,Books,Shirts,26.48
Product 535,Skipstorm,824251.37,4446,Books,Beverages,43.01
Product 674,Tagopia,299800.27,5194,Electronics,Snacks,58.38
Product 800,Gabtype,241888.88,1429,Food,Fitness,15.28
Product 681,Eire,830385.46,5933,Sports,Fiction,39.96
Product 600,Zoomcast,587886.77,3282,Food,Furniture,96.17
Product 47,Kimia,57245.88,1085,Sports,Fitness,60.62
Product 509,Oba,326879.84,4075,Beauty,Pants,97.39
Product 402,Devbug,932987.06,6659,Sports,Fiction,95.12
Product 803,Edgewire,953011.91,8471,Sports,TVs,96.53
Product 841,Flashpoint,496433.06,6205,Books,Appliances,20.46
Product 508,Npath,106587.89,9669,Clothing,Board Games,80.74
Product 2,Rhyloo,174959.88,4626,Electronics,Snacks,66.33
Product 851,Browsetype,628857.67,982,Electronics,TVs,36.67
Product 944,Vimbo,3141.06,3853,Clothing,Skincare,1.55
Product 805,Edgeify,523488.94,8537,Beauty,Makeup,14.22
Product 640,Buzzbean,782756.3,8161,Sports,Shirts,44.12
Product 123,Gabspot,930103.59,5034,Clothing,Appliances,28.1
Product 696,Katz,238068.37,719,Food,Furniture,30.07
Product 548,Dynabox,890517.9,1146,Food,Laptops,20.82
Product 115,Realpoint,39889.24,9695,Electronics,Fiction,61.87
Product 249,Twiyo,957.73,906,Electronics,Skincare,73.32
Product 40,Browsecat,986312.67,9389,Electronics,TVs,52.47
Product 333,Fivespan,48354.65,7200,Electronics,Board Games,87.74
Product 86,Twinte,709420.75,8901,Beauty,Fitness,81.94
Product 693,Meembee,934811.9,1211,Sports,Non-Fiction,81.27
Product 831,Tagfeed,169691.68,5416,Toys,Fitness,44.28
Product 109,Wikibox,626565.78,5036,Home,Skincare,17.5
Product 575,Voomm,969654.29,7632,Books,Board Games,60.7
Product 738,Quinu,410384.32,1021,Sports,Snacks,42.34
Product 975,Linkbuzz,421523.62,893,Books,Board Games,71.08
Product 944,Fatz,454118.33,4523,Home,Fitness,40.88
Product 419,Browsecat,735200.78,9571,Books,Snacks,44.5
Product 980,Livetube,683121.79,1184,Sports,Non-Fiction,25.25
Product 717,Wordify,988378.87,5522,Sports,Makeup,48.58
Product 393,Cogibox,816024.84,4073,Books,Board Games,93.27
Product 335,Meemm,269667.49,2616,Beauty,Fitness,81.91
Product 468,LiveZ,886980.05,8059,Home,Skincare,41.7
Product 432,Feedmix,233615.11,6257,Books,Laptops,55.9
Product 604,Voonix,287176.52,6073,Food,Appliances,24.88
Product 323,Skippad,466701.62,1580,Home,Pants,54.74
Product 957,Divavu,762430.87,7945,Sports,Furniture,36.3
Product 876,Flipbug,852802.82,6844,Beauty,Non-Fiction,9.75
Product 39,Jabberstorm,21181.79,7089,Sports,Makeup,52.69
Product 257,Avamba,552484.37,9280,Home,Board Games,25.89
Product 960,Trunyx,600501.66,2397,Home,Shirts,68.57
Product 411,Skimia,279615.64,2374,Books,Shirts,38.67
Product 190,Jayo,898907.3,3115,Food,Shirts,99.69
Product 990,Buzzdog,811499.2,5351,Clothing,Non-Fiction,53.64
Product 843,Muxo,163030.82,9686,Clothing,TVs,79.05
Product 69,Mymm,833169.09,9168,Toys,Furniture,52.87
Product 412,Topicshots,11282.42,1661,Clothing,Fiction,74.33
Product 61,Skinte,307292.46,393,Toys,Fiction,77.47
Product 868,Mynte,364921.6,1269,Clothing,Non-Fiction,81.7
Product 641,Bluejam,299493.24,2658,Books,Fiction,48.05
Product 663,Meevee,272163.7,7457,Electronics,Fiction,3.05
Product 213,Mymm,844704.63,6072,Books,Snacks,1.59
Product 1000,Meedoo,95588.65,4313,Books,Non-Fiction,76.95
Product 816,Blogtags,436906.29,7931,Sports,Non-Fiction,44.84
Product 749,Meetz,730990.7,7439,Beauty,Skincare,46.25
Product 314,Jaloo,841282.93,8688,Home,Makeup,74.85
Product 76,Babbleopia,641684.38,8546,Beauty,Snacks,77.95
Product 749,Realbuzz,579906.37,7056,Home,Furniture,18.47
Product 394,Browseblab,67152.26,1744,Clothing,TVs,58.95
Product 323,Vidoo,804951.29,4914,Electronics,Board Games,32.9
Product 197,Izio,267305.97,3872,Sports,Makeup,74.64
Product 463,Omba,33359.48,8335,Beauty,TVs,50.13
Product 138,Kimia,801478.73,5492,Home,Non-Fiction,60.85
Product 132,Livetube,303267.76,3940,Clothing,Fiction,78.53
Product 424,Youspan,85649.51,5244,Beauty,Appliances,59.89
Product 972,Roombo,932661.45,4409,Books,TVs,51.26
Product 882,Oyoba,53531.22,1573,Sports,Fiction,38.29
Product 384,Oloo,65935.73,5404,Clothing,Shirts,8.4
Product 453,Photobean,597118.84,5093,Beauty,Fitness,36.35
Product 811,Voonyx,882917.6,7151,Toys,Snacks,54.61
Product 197,Digitube,356226.92,1610,Home,Laptops,66.89
Product 201,Thoughtbridge,532472.95,3127,Sports,Laptops,99.32
Product 612,Feedspan,633090.99,8227,Food,Fiction,24.05
Product 909,Shuffletag,673728.86,6204,Home,Laptops,64.52
Product 273,Youtags,950147.78,6389,Books,Skincare,62.72
Product 373,Buzzbean,19361.13,7337,Electronics,Furniture,52.99
Product 478,Twitterbeat,331576.15,2618,Clothing,Makeup,41.91
Product 828,Topicblab,558200.3,4202,Electronics,Laptops,67.21
Product 277,Thoughtmix,385414.58,1566,Food,Non-Fiction,74.7
Product 970,Feednation,277685.69,5294,Books,Shirts,94.55
Product 308,Oyoba,205795.75,2114,Sports,Shirts,27.18
Product 453,Viva,786982.01,6786,Clothing,Pants,24.68
Product 495,Youfeed,310003.4,7792,Sports,Furniture,27.84
Product 271,Tavu,555953.38,2374,Toys,Fitness,91.48
Product 251,DabZ,2452.33,9443,Toys,Beverages,93.37
Product 255,Quatz,741007.96,2596,Sports,Snacks,28.2
Product 52,Brightbean,104099.23,2431,Home,Furniture,43.87
Product 751,Yabox,382266.07,2486,Books,Appliances,32.65
Product 748,Mudo,481325.19,3065,Electronics,Non-Fiction,86.19
Product 535,Tavu,202758.88,2405,Electronics,Fitness,25.12
Product 420,Rhyloo,329460.2,1625,Home,TVs,66.03
Product 364,Zoozzy,143603.59,1594,Toys,Laptops,91.74
Product 527,Meevee,849618.75,5499,Electronics,Makeup,0.77
Product 546,Katz,659676.64,4114,Electronics,Snacks,97.72
Product 428,Dabfeed,865354.92,1170,Food,Appliances,64.75
Product 352,Browsetype,814872.67,7431,Home,Furniture,47.91
Product 998,Gabcube,523949.03,1560,Beauty,Skincare,88.39
Product 36,Vidoo,915123.22,5658,Beauty,Laptops,44.06
Product 727,Shufflebeat,755862.69,1734,Food,Fitness,99.25
Product 336,Ooba,499823.52,2849,Home,Fiction,19.1
Product 882,Tambee,928822.18,9078,Books,Board Games,50.5
Product 706,Brightdog,991473.18,5277,Food,Pants,78.79
Product 516,Browsebug,953442.7,7240,Food,Fiction,83.74
Product 445,Edgetag,193284.86,48,Clothing,Snacks,19.38
Product 640,Agivu,199978.6,5585,Books,Board Games,20.95
Product 66,Voonte,264814.4,8279,Clothing,Snacks,31.76
Product 818,Eadel,741718.07,2970,Sports,Laptops,60.7
Product 478,Eazzy,457535.62,8230,Electronics,Beverages,92.97
Product 921,Quire,812392.21,119,Home,Furniture,34.55
Product 457,Photobug,879340.9,5275,Home,Laptops,56.54
Product 496,Skiba,674295.08,7207,Sports,Appliances,64.76
Product 898,Oloo,74581.79,5964,Clothing,Shirts,26.1
Product 719,Devshare,464975.4,3687,Clothing,Skincare,84.14
Product 179,Eabox,442343.48,4521,Clothing,Skincare,99.07
Product 389,Dabfeed,284522.62,9180,Electronics,Makeup,5.68
Product 301,Zava,505420.93,2969,Home,Fitness,91.41
Product 101,Fivechat,366156.63,6475,Home,Makeup,50.92
Product 463,Yata,416514.49,7554,Clothing,Shirts,19.95
Product 376,Feedfish,963196.65,4557,Clothing,Fiction,37.97
Product 500,Wordtune,996322.51,7180,Toys,Furniture,58.13
Product 369,Photospace,756785.33,8516,Electronics,TVs,14.75
Product 253,Dablist,425487.97,3964,Home,Beverages,50.64
Product 267,Dabjam,676822.98,6970,Home,Fitness,28.29
Product 366,Brightbean,591576.41,7082,Toys,Non-Fiction,27.91
Product 3,Mita,772164.39,1006,Clothing,Board Games,11.82
Product 473,Oba,434112.95,2351,Books,TVs,11.85
Product 769,Topiclounge,52745.01,8656,Books,Snacks,15.78
Product 213,Eamia,207541.97,7154,Toys,Board Games,68.27
Product 78,Yabox,260408.96,8176,Beauty,Furniture,82.79
Product 409,Yodo,685408.72,7019,Beauty,Board Games,7.31
Product 427,Blogspan,293949.48,1150,Books,Makeup,81.41
Product 161,Eidel,175428.95,9563,Electronics,Shirts,20.36
Product 839,Realblab,245831.79,3255,Toys,TVs,24.75
Product 357,Vidoo,46762.1,8275,Beauty,TVs,35.59
Product 135,Cogilith,758530.49,5366,Sports,Pants,91.72
Product 628,Jabbersphere,24561.5,4444,Clothing,Fiction,83.88
Product 922,Edgeify,807418.98,7430,Food,Pants,92.48
Product 713,Buzzbean,37638.19,3395,Beauty,Furniture,92.17
Product 437,Miboo,326790.18,8313,Clothing,Shirts,20.51
Product 799,Topicblab,157430.71,7593,Food,Beverages,81.34
Product 329,Chatterbridge,74530.88,9801,Sports,Fitness,81.33
Product 833,Skynoodle,429750.78,3506,Home,Furniture,56.69
Product 797,Quire,626718.19,1092,Beauty,Laptops,32.43
Product 485,Zoozzy,892956.81,1494,Electronics,Makeup,5.32
Product 21,Oloo,948691.84,1367,Food,Non-Fiction,34.37
Product 983,Yamia,413852.29,1957,Food,Makeup,2.96
Product 383,Edgewire,826888.17,1186,Sports,TVs,31.07
Product 734,Tazzy,653747.9,7496,Books,Fiction,33.11
Product 940,Aimbu,312922.03,8294,Food,Makeup,60.74
Product 654,Tazz,337354.91,6855,Home,TVs,2.17
Product 989,Yotz,579660.78,8328,Sports,Pants,47.33
Product 145,Kazu,450402.46,3760,Home,Snacks,55.16
Product 660,Mita,625223.2,8443,Food,Furniture,50.3
Product 155,Meejo,11170.24,9842,Electronics,Makeup,9.45
Product 406,Eabox,820536.47,2813,Home,Pants,41.72
Product 572,Bubblebox,869095.36,1339,Clothing,Beverages,22.96
Product 560,Kwinu,986510.23,5410,Electronics,Skincare,27.03
Product 1000,Thoughtsphere,419360.97,6502,Sports,Makeup,46.33
Product 479,Feedfire,295903.24,6456,Books,Non-Fiction,56.66
Product 984,Lajo,536415.58,3176,Toys,Makeup,45.37
Product 745,Dynabox,397927.38,795,Electronics,Non-Fiction,3.82
Product 695,Mudo,336759.08,8593,Beauty,Laptops,5.56
Product 752,Buzzster,496799.26,3371,Books,Shirts,25.91
Product 301,Thoughtworks,106607.23,3951,Beauty,Shirts,98.32
Product 485,Kare,380728.19,3787,Beauty,Skincare,49.21
Product 662,Skimia,220584.39,6315,Beauty,Furniture,75.85
Product 918,Jaxworks,555742.11,5650,Toys,Furniture,60.27
Product 879,Talane,327535.62,9065,Clothing,Shirts,92.11
Product 839,Yamia,718971.73,7505,Home,Board Games,61.38
Product 955,Chatterpoint,711472.82,9863,Toys,Board Games,76.16
Product 980,Gabtype,974165.77,424,Home,Non-Fiction,4.49
Product 923,Vinte,919830.56,4698,Books,Beverages,43.2
Product 111,Realmix,344093.62,3138,Toys,Laptops,47.32
Product 896,Livepath,544590.23,2217,Electronics,Skincare,60.45
Product 242,Teklist,190221.21,8055,Clothing,Board Games,67.8
Product 952,Kaymbo,894366.48,8866,Food,Fiction,8.58
Product 116,Minyx,687933.66,5859,Food,Fiction,12.94
Product 785,Midel,556715.82,9479,Beauty,Laptops,71.16
Product 193,Rooxo,649696.83,4567,Clothing,Appliances,38.3
Product 985,DabZ,30492.11,1389,Clothing,Snacks,37.92
Product 178,Twitterbridge,432384.11,4176,Sports,Laptops,29.58
Product 799,Trupe,970683.7,6409,Food,Furniture,33.33
Product 622,Vipe,2398.96,4975,Books,Appliances,86.77
Product 78,Jatri,910546.81,8833,Food,Makeup,21.41
Product 602,Dabfeed,105383.84,8436,Home,TVs,62.44
Product 706,Quimba,2166.78,8757,Sports,Furniture,22.81
Product 379,Shuffletag,597280.08,7298,Beauty,Non-Fiction,86.88
Product 120,Geba,594862.88,2307,Toys,Non-Fiction,13.28
Product 714,Oozz,351701.51,3181,Electronics,TVs,2.71
Product 45,Browsebug,617616.38,8867,Sports,Beverages,29.23
Product 526,Feedfish,758233.59,8061,Books,Makeup,25.09
Product 274,Wordpedia,403392.75,1415,Food,Board Games,97.14
Product 493,Centizu,771951.27,8211,Clothing,TVs,9.34
Product 987,Trilia,230935.82,5822,Beauty,Makeup,43.07
Product 68,Skibox,698905.77,447,Toys,Appliances,21.39
Product 582,Blogtag,420016.52,5937,Clothing,Fiction,30.42
Product 475,Thoughtworks,68352.84,8430,Home,Snacks,4.09
Product 541,Pixope,992963.8,470,Beauty,Skincare,93.31
Product 137,Skiptube,767127.55,4304,Food,Makeup,16.27
Product 240,Skyba,852302.1,94,Beauty,Shirts,2.98
Product 111,Latz,729600.89,8650,Books,Appliances,43
Product 881,Jazzy,11514.78,5838,Sports,Skincare,25.68
Product 821,Dabfeed,869742.24,6277,Clothing,TVs,55.77
Product 79,Snaptags,292854.48,6429,Food,Snacks,75.6
Product 710,Kayveo,88417.68,6948,Food,Beverages,53.71
Product 691,Gabvine,544334.42,4022,Sports,Fitness,72.36
Product 484,Skipstorm,247603.85,2101,Books,Beverages,48.25
Product 502,Wordify,514824.29,4391,Sports,Fiction,55.49
Product 441,Jabberstorm,200093.91,8531,Food,Appliances,28.37
Product 322,Skinix,448548.44,3153,Electronics,Pants,77.41
Product 833,Bubbletube,390044.22,6778,Food,Fitness,92.63
Product 978,Rooxo,437114.71,9952,Clothing,Laptops,39.88
Product 971,Rhynyx,118371.79,1009,Home,Snacks,42.12
Product 166,Tagchat,559515.64,2124,Home,Fiction,69.33
Product 476,Quamba,276792.37,2930,Food,Makeup,18.45
Product 654,Zoombox,12341.6,336,Electronics,Snacks,96.75
Product 301,Feedmix,86499.36,1327,Electronics,TVs,9.96
Product 828,Youspan,741956.69,4058,Sports,Board Games,47.47
Product 595,Myworks,174619.67,4353,Beauty,Laptops,83.23
Product 98,Snaptags,752934.06,5330,Beauty,Skincare,93.04
Product 954,Roomm,921173.06,7036,Books,Furniture,18.32
Product 157,LiveZ,554074.72,936,Clothing,Snacks,82.88
Product 312,Plajo,816486.4,2271,Electronics,Laptops,18.29
Product 365,Wordware,292376.17,4932,Books,Non-Fiction,39.5
Product 481,Dynava,694912.17,2588,Clothing,Furniture,91.94
Product 203,Agivu,19656.12,5861,Books,Fitness,97.84
Product 794,Plambee,560191.27,537,Books,Fitness,72.94
Product 264,Wordify,721966.27,1372,Home,Skincare,40.35
Product 188,Wordware,898832.22,2189,Electronics,Fiction,6.13
Product 939,Cogibox,342098.73,556,Beauty,Laptops,89.77
Product 787,Youbridge,823742.36,2587,Toys,Skincare,52.03
Product 846,Twitterworks,682954.44,5047,Beauty,Pants,0.35
Product 794,Tagpad,356986.84,1806,Food,Skincare,10.05
Product 910,Realcube,410917.77,8057,Sports,Fitness,93.73
Product 858,Babblestorm,923766.46,7813,Electronics,Furniture,73.82
Product 627,Skilith,376116.77,8998,Books,Fitness,56.73
Product 517,Browsetype,198161.12,920,Toys,Non-Fiction,32.5
Product 221,Thoughtstorm,910741.13,1953,Food,Appliances,1.86
Product 550,Eidel,762322.14,5569,Electronics,Snacks,98.73
Product 247,Feednation,664364.74,8061,Beauty,Beverages,95.15
Product 952,Oozz,926003.44,6836,Electronics,Shirts,41.88
Product 342,Voonte,351268.28,7411,Home,Pants,19.63
Product 969,Pixonyx,666106.32,6635,Electronics,TVs,58.65
Product 204,Zoomdog,568338.66,104,Clothing,Board Games,59.69
Product 525,Linktype,264355.23,1888,Electronics,Makeup,84.08
Product 119,Quamba,224221.84,1879,Food,Shirts,32.31
Product 861,Yacero,228580.32,6421,Food,Board Games,58.48
Product 336,Divape,126872.2,81,Clothing,Beverages,21.61
Product 90,Devshare,962356.75,9603,Beauty,Fiction,53.88
Product 72,Dynava,158935.92,8005,Electronics,Board Games,0.19
Product 109,Wordtune,425026.73,6743,Books,Laptops,30.52
Product 861,Geba,353535.33,7485,Food,Fitness,9.77
Product 295,Oyoba,264578.31,5966,Food,TVs,15.22
Product 864,Yakijo,956743.64,4277,Sports,Skincare,82.25
Product 938,Zoomdog,350385.38,8869,Clothing,TVs,67.95
Product 826,Twitternation,445556.98,8055,Food,Appliances,43.11
Product 745,Rhyzio,294532.24,8384,Sports,Fiction,49.19
Product 67,Omba,501641,6979,Food,Makeup,7.06
Product 648,Oyope,942080.95,1932,Sports,Pants,61.22
Product 645,Riffpedia,262377.31,2589,Food,Fiction,88.19
Product 615,Vinder,541859.32,2538,Clothing,Skincare,59.28
Product 307,Topicshots,531975.68,8235,Toys,Laptops,98.27
Product 644,Digitube,953946.02,2885,Electronics,Skincare,70.89
Product 437,Meemm,685191.12,1702,Home,Board Games,44.53
Product 693,Dynazzy,150629.14,5147,Food,Skincare,10.17
Product 985,Tambee,191057.11,3246,Toys,Fitness,81.06
Product 58,DabZ,890157.71,1651,Books,Appliances,75.01
Product 10,Aibox,901912.57,5323,Books,Shirts,7.57
Product 542,Teklist,363469.08,9366,Books,Beverages,52.84
Product 685,Twinte,791080.28,8395,Sports,Appliances,80.74
Product 538,Eare,140817.22,9019,Books,Fitness,50.77
Product 456,Jaloo,590177.22,4055,Clothing,Snacks,13.64
Product 843,Dynabox,473011.72,414,Sports,Appliances,41.89
Product 491,Blogspan,88832.86,1585,Sports,Snacks,31.28
Product 663,Tambee,263858.5,260,Home,Snacks,11.97
Product 363,Voolith,96692.53,6131,Home,Board Games,42.13
Product 32,Innojam,316341.9,4547,Food,TVs,93.03
Product 714,Eayo,709278.99,1386,Beauty,Appliances,97.81
Product 579,Linkbridge,804032.85,9727,Beauty,Non-Fiction,65.86
Product 568,Katz,410407.83,7302,Electronics,Makeup,86.24
Product 552,Twinder,341912.81,9649,Electronics,Board Games,37.08
Product 805,Oodoo,448083.73,8796,Home,Makeup,82.22
Product 758,Gabtype,998029.31,234,Electronics,Makeup,1.32
Product 281,Ainyx,599312.96,763,Food,Laptops,6.32
Product 51,Kimia,122539.99,8990,Food,Beverages,61.21
Product 34,Browsetype,699732.8,9013,Clothing,Beverages,31.35
Product 609,Mita,793109.65,1352,Home,Laptops,29.22
Product 222,Topicware,24393.75,4816,Sports,Board Games,69.23
Product 858,Zooxo,276208.3,5449,Clothing,Appliances,43.95
Product 405,Muxo,338169.79,6285,Books,Non-Fiction,93.56
Product 327,Browsedrive,784859.11,9483,Beauty,Snacks,12.72
Product 87,Thoughtstorm,63679.13,7338,Books,Beverages,3.86
Product 445,Agimba,479840.1,5618,Electronics,Pants,27.81
Product 263,Photolist,244378.46,1595,Clothing,Non-Fiction,62.24
Product 258,Skimia,293672.97,8754,Electronics,Skincare,29.39
Product 1,Zoozzy,359204.1,8299,Books,Non-Fiction,58.22
Product 243,Yakitri,160356.22,3725,Books,Fitness,15.7
Product 838,Avavee,468281.71,1833,Electronics,Furniture,39.27
Product 496,Pixoboo,766162.38,6280,Beauty,Skincare,82.9
Product 220,Jatri,288083.41,3823,Clothing,Shirts,15.73
Product 581,Pixoboo,365249.26,5516,Electronics,Fitness,27.83
Product 391,Topicstorm,409975.32,5254,Clothing,Beverages,5.27
Product 510,Camimbo,618171.03,909,Food,Makeup,5.56
Product 899,Avamm,797014.06,5353,Home,Furniture,27.03
Product 469,Mybuzz,28304.35,6662,Food,Fitness,19.11
Product 485,Chatterpoint,392628.99,9851,Beauty,Appliances,16.91
Product 443,Jaloo,611929.19,1538,Toys,Non-Fiction,92.41
Product 10,Zoomzone,686584.14,5298,Food,Makeup,35.09
Product 492,Demivee,923073.47,1535,Beauty,Snacks,26.19
Product 436,Meevee,761691.03,5509,Food,Skincare,58.66
Product 549,Fliptune,616026.92,7130,Books,Shirts,3.4
Product 592,Izio,957699.32,3316,Books,TVs,45
Product 447,LiveZ,940154.86,1320,Electronics,Fitness,14.68
Product 471,Tambee,449406.19,4580,Beauty,Board Games,22.01
Product 466,Yakidoo,223415.62,7605,Electronics,Appliances,47.9
Product 719,Flashpoint,96230.78,8916,Home,Skincare,51.12
Product 60,Trilith,146871.97,2487,Sports,Makeup,25.27
Product 641,Innojam,421273.99,1155,Beauty,TVs,82.06
Product 390,Gabtune,949371.48,4795,Home,Shirts,8.87
Product 78,Jaxspan,959637.95,8692,Sports,Fiction,62
Product 334,Eazzy,131218.85,8288,Clothing,Fiction,68.91
Product 857,Roomm,629679.26,1395,Beauty,Snacks,80.94
Product 216,Voonte,685331.52,1824,Home,Fiction,8.46
Product 146,Flipopia,169369.03,145,Clothing,Skincare,71.16
Product 549,Jabbertype,132108.84,7162,Books,Appliances,16.09
Product 572,Tazz,463583.56,6901,Beauty,Laptops,81.53
Product 641,Skimia,897484.5,1786,Home,Makeup,44.7
Product 603,Twitterlist,540545.57,29,Beauty,Snacks,42.94
Product 174,Edgeclub,740845.6,5345,Toys,Beverages,57.92
Product 821,Yamia,798174.92,9649,Beauty,TVs,93.77
Product 12,Skipstorm,873695.13,8512,Home,Furniture,99.51
Product 113,Youspan,621057.28,4797,Electronics,Snacks,90.7
Product 564,Photojam,271330.1,290,Food,TVs,35
Product 112,Feedmix,829314.19,1352,Sports,Snacks,11.49
Product 316,Eazzy,398121.02,3898,Clothing,Furniture,24.95
Product 768,Linkbuzz,422453.45,8059,Clothing,Fitness,80.75
Product 743,Oyope,796900.8,5321,Food,Appliances,0.7
Product 246,Vipe,529944.62,9102,Beauty,Laptops,4.59
Product 864,Meembee,118792.4,1579,Books,Pants,99.37
Product 893,Cogilith,591416.99,1049,Books,Non-Fiction,54.21
Product 333,Tavu,329326.99,5435,Sports,Skincare,1.62
Product 922,Wikido,674291.8,1950,Home,Laptops,27.32
Product 375,Vinte,273336.61,561,Beauty,Non-Fiction,53.42
Product 467,Vinte,187009.76,3496,Toys,Board Games,80.43
Product 661,Kamba,829683.86,5669,Clothing,Non-Fiction,49.44
Product 222,Feedmix,528215.35,773,Books,TVs,45.75
Product 281,Youspan,441799.36,9700,Beauty,Makeup,77.19
Product 210,Dynabox,177423.87,9601,Books,Shirts,90.1
Product 841,Topdrive,701170.04,8135,Food,Skincare,85.11
Product 933,Trudeo,799679.42,7330,Beauty,Fiction,1.4
Product 396,Youbridge,97988.15,3544,Beauty,Laptops,2.88
Product 493,Camido,707237.85,7660,Electronics,Appliances,22.5
Product 785,Eamia,464958.59,4114,Food,Furniture,10.77
Product 567,Skilith,930243.84,3411,Clothing,Makeup,29.64
Product 698,Quinu,307224.79,1398,Sports,Furniture,43.1
Product 525,Livefish,361218.14,2010,Electronics,Snacks,50.32
Product 450,Bluezoom,670872.53,5906,Food,Board Games,45.94
Product 618,Skilith,53661.22,5350,Home,Furniture,34.51
Product 850,Fivechat,878160.71,8511,Food,Pants,21.23
Product 557,Jayo,903604.45,8438,Sports,Snacks,7.95
Product 317,Vinder,730520.55,9320,Books,Board Games,58.29
Product 308,Twitternation,96064.11,7231,Beauty,Furniture,50.43
Product 920,Kanoodle,325627.95,7197,Food,Fiction,3.69
Product 819,Rhynoodle,279281.03,2119,Clothing,Skincare,19.21
Product 330,Voolith,994834.93,9600,Clothing,Non-Fiction,36.31
Product 597,Yodoo,121684.66,4527,Beauty,Non-Fiction,59.63
Product 491,Twitterbridge,434000.81,7604,Food,Fiction,79.71
Product 155,Yacero,218527.6,9068,Clothing,TVs,61.97
Product 446,Aimbu,155850.49,7333,Books,Furniture,69.41
Product 697,Aivee,380106.85,6520,Electronics,Laptops,82.77
Product 384,Midel,341402.55,810,Home,Pants,3.86
Product 691,Wikizz,695536.07,4184,Food,Snacks,66.29
Product 721,Teklist,730362.45,9383,Food,Beverages,49.84
Product 815,Fadeo,879932.28,171,Sports,TVs,46.78
Product 36,Quinu,573537.19,5098,Books,TVs,77.78
Product 827,Camido,392357.59,8039,Clothing,Non-Fiction,74.38
Product 572,Shufflebeat,878622.82,5820,Electronics,Appliances,37.17
Product 2,Youbridge,471867.53,4713,Electronics,Furniture,73.32
Product 612,Realcube,195380.43,2570,Food,Appliances,7.91
Product 80,Yodo,925772.8,9986,Clothing,TVs,11.72
Product 650,Mynte,100181.49,4959,Toys,Snacks,64.21
Product 734,Zooxo,722866.45,2059,Electronics,Board Games,30.21
Product 545,Leenti,855761.46,8032,Books,Skincare,82.01
Product 311,Browsebug,83470.35,7652,Toys,Snacks,62.57
Product 22,Edgewire,156001.84,2320,Clothing,TVs,58.79
Product 819,Eazzy,755870.89,466,Beauty,Laptops,30.16
Product 958,Dynazzy,722264.2,9051,Beauty,Laptops,36.01
Product 23,Topiclounge,236575.43,9097,Clothing,Skincare,21.85
Product 993,Zoomzone,915412.48,9741,Clothing,Appliances,63.7
Product 265,LiveZ,46139.92,3875,Electronics,Board Games,66.73
Product 210,Skalith,239178.29,6842,Toys,Snacks,20.09
Product 155,Youopia,604005.48,1387,Clothing,Pants,90.46
Product 455,Photofeed,854922.79,903,Beauty,Makeup,13.01
Product 385,Katz,732034.14,3252,Beauty,Beverages,91.84
Product 93,Meetz,270425.67,1718,Food,Makeup,7.79
Product 488,Zoonder,71117.69,9417,Clothing,Makeup,46.48
Product 119,Mydeo,115383.82,2756,Clothing,Laptops,48.2
Product 475,Flipopia,31781.65,4164,Toys,Snacks,18.27
Product 586,Divavu,37548.33,2885,Electronics,Fitness,81.03
Product 233,Browseblab,560618.57,60,Sports,Skincare,57.85
Product 506,Dynava,343888.49,564,Clothing,Beverages,81.18
Product 863,Shufflebeat,156907.81,173,Toys,Board Games,4.75
Product 582,Avamm,743381.39,4059,Books,Fitness,66.46
Product 833,Skiba,238260.18,6290,Toys,Skincare,42.81
Product 689,Mymm,121580.08,6571,Food,TVs,90.31
Product 254,Mycat,342137.8,8339,Food,Beverages,66.42
Product 1000,Eire,245333.61,6100,Clothing,Shirts,20.53
Product 680,Skyndu,647858.77,4804,Electronics,Beverages,53.88
Product 58,Oyoloo,106081.01,202,Sports,Board Games,14.12
Product 229,Zoombeat,610500.2,8281,Toys,Furniture,75.3
Product 731,Talane,145781.88,2522,Electronics,TVs,58.83
Product 38,Tazz,636381.04,5774,Beauty,Non-Fiction,25.96
Product 534,Jetwire,106189.98,5935,Clothing,Laptops,74.17
Product 542,Skippad,638561.64,2714,Books,Appliances,94.36
Product 333,Gabtype,233054.9,503,Books,Non-Fiction,62.01
Product 571,Youtags,968729.37,343,Clothing,Makeup,79.8
Product 970,Photolist,530502.31,8399,Toys,Shirts,49.62
Product 44,Realcube,730687.84,6223,Electronics,Appliances,18.56
Product 138,Bubblebox,652128.11,1103,Food,Shirts,91.26
Product 249,Riffpedia,273242.38,4649,Clothing,Laptops,88.97
Product 2,Thoughtmix,277372.93,7447,Sports,Fitness,43.48
Product 632,Livefish,332806.65,9712,Clothing,Beverages,21.35
Product 535,Devpulse,301541.28,9036,Clothing,Shirts,22.16
Product 471,Abatz,117390.73,6681,Beauty,Beverages,38.42
Product 465,Edgepulse,947563.11,4274,Sports,Snacks,68.81
Product 278,Edgewire,728049.1,3683,Clothing,TVs,86.65
Product 209,Demivee,616236.94,5019,Books,Furniture,78.1
Product 2,Eimbee,399074.71,8464,Toys,Snacks,86.56
Product 629,Fatz,825396.59,703,Food,Board Games,38.37
Product 200,Brainbox,163907.43,7363,Books,Fitness,23.44
Product 913,Skipfire,485111.47,8827,Clothing,Snacks,70.52
Product 589,Flipbug,528404.47,5927,Food,Board Games,78.15
Product 506,Gigashots,624986.57,8180,Toys,Furniture,47.6
Product 341,Realcube,197490.04,477,Beauty,Board Games,19.22
Product 523,Twitterlist,849899.89,4396,Electronics,Skincare,49.06
Product 583,Zoonoodle,659860.05,7637,Books,Board Games,7.47
Product 542,Quamba,950620.87,1883,Food,Pants,32.41
Product 82,Gabspot,512437.96,2393,Food,Non-Fiction,5.3
Product 943,Kwimbee,758579.95,1894,Sports,Shirts,70.63
Product 930,Gabvine,787346.09,4939,Beauty,Laptops,12.74
Product 795,Meeveo,552004.41,4604,Books,Snacks,63.13
Product 114,Demizz,400229.65,1135,Sports,Board Games,53.83
Product 834,Demizz,351715.27,7090,Home,Appliances,22.56
Product 59,Twitterwire,73285.4,4461,Sports,Laptops,58.71
Product 75,Jazzy,713244.53,6268,Clothing,Snacks,41.99
Product 324,Quinu,181659.85,1387,Food,Snacks,19.21
Product 786,Bluejam,426733.27,298,Beauty,Snacks,24.09
Product 144,Skibox,550435.85,7287,Books,Laptops,68.16
Product 770,Teklist,842038.96,3198,Books,Fitness,69.54
Product 530,Thoughtbridge,388799.28,8666,Sports,Beverages,94.8
Product 50,Livepath,577718.43,1055,Food,Appliances,84.31
Product 580,Kazu,272631.96,6764,Electronics,Laptops,88.26
Product 86,Jabberstorm,435847.37,9907,Toys,Snacks,64.91
Product 946,Feedbug,42230.91,7598,Books,Makeup,9.47
Product 704,Digitube,226442.23,5866,Home,Snacks,20.44
Product 958,Katz,929654.92,1926,Toys,Shirts,69.34
Product 786,Katz,330635.12,8136,Toys,Snacks,59.74
Product 334,Browseblab,454833.98,2314,Food,Pants,48.39
Product 34,Tagchat,28781.88,7027,Books,Snacks,57.82
Product 39,Topicblab,449309.59,7019,Home,Appliances,11.33
Product 977,DabZ,314447.98,7964,Clothing,Beverages,16.95
Product 292,Feedbug,535462.93,4351,Clothing,Pants,4.55
Product 539,Miboo,951129.14,9383,Electronics,Skincare,82.02
Product 118,Zoomdog,579066.99,1818,Clothing,Makeup,36.62
Product 513,Skivee,41308.54,5959,Home,Appliances,48.7
Product 479,Skipstorm,670871.97,7279,Food,Fitness,5.32
Product 4,Skynoodle,711246.86,2839,Food,Makeup,39.82
Product 633,Babbleblab,833521.6,6992,Books,Shirts,45.94
Product 708,Aimbo,732400.5,4721,Food,Makeup,52.93
Product 358,Jetpulse,424001.46,7127,Toys,Makeup,60.32
Product 90,Twitterworks,641287.83,2397,Beauty,Snacks,78.06
Product 861,Janyx,571138.05,9004,Books,Non-Fiction,97.86
Product 931,Flashset,135365.8,8113,Clothing,Board Games,16.53
Product 546,Abata,512456.17,9896,Books,Beverages,94.63
Product 460,Twiyo,176447.08,6355,Sports,Pants,27.28
Product 944,Quatz,236231.77,1536,Home,Pants,99.53
Product 562,Tazz,645035.84,2471,Food,Laptops,66.67
Product 454,Browsebug,936381.37,8935,Electronics,Beverages,72.92
Product 853,Mymm,820161.96,3979,Clothing,Snacks,62.86
Product 69,Rhybox,175477.33,1363,Toys,Fiction,55.81
Product 811,Vidoo,947598.88,4324,Electronics,Non-Fiction,11.35
Product 743,Tazz,949411.25,4147,Toys,Beverages,23.98
Product 533,Photofeed,363850.56,9827,Beauty,Pants,56.29
Product 980,Voomm,982241.74,7780,Clothing,Shirts,33.29
Product 77,Kwilith,865888.63,6443,Home,Laptops,88.97
Product 190,Photobug,222322.39,7233,Food,Skincare,47.33
Product 746,Gigazoom,317106.7,3877,Sports,Laptops,36.09
Product 729,Jatri,337687.39,6786,Clothing,Fiction,97.5
Product 53,Realcube,550181.02,6710,Electronics,Furniture,68.64
Product 958,Skippad,699242.06,5259,Beauty,Furniture,22.89
Product 251,Aimbu,655292.38,3756,Home,Appliances,43.64
Product 309,Shufflebeat,919701.57,9452,Books,Fitness,16.13
Product 16,Vipe,906483.65,9581,Books,TVs,74.5
Product 330,Youspan,472497.61,7047,Sports,Board Games,41.74
Product 847,Youtags,522405.97,1265,Beauty,Fitness,23.57
Product 563,Demizz,488061.45,2456,Electronics,Furniture,60.29
Product 937,Yakidoo,236560.13,1440,Home,Fitness,5.76
Product 79,Flashspan,364857.05,8212,Clothing,Fiction,81.49
Product 218,Livepath,844011.3,8495,Beauty,TVs,1.18
Product 405,Kare,466918.18,8110,Toys,Fiction,72.26
Product 629,Meedoo,584059.36,9948,Beauty,Pants,99.39
Product 854,Demizz,152723.47,4724,Books,Laptops,50.32
Product 857,Gabcube,890605.01,2427,Electronics,Board Games,88
Product 184,Ozu,963336.4,2849,Electronics,Beverages,82.89
Product 380,Yodo,399012.54,9236,Beauty,TVs,3.73
Product 831,Twitterworks,693254.83,3076,Home,Skincare,39.9
Product 907,Dabjam,627830.5,1985,Home,Shirts,81.69
Product 885,Youbridge,862450.29,7732,Home,Non-Fiction,73.2
Product 214,Blognation,948069.45,424,Toys,Non-Fiction,96.91
Product 878,Divanoodle,172551.03,7226,Food,Shirts,61.04
Product 896,Wordify,677464.96,5661,Clothing,Board Games,57
Product 373,Thoughtsphere,378911.62,16,Beauty,TVs,31.66
Product 758,Realpoint,695728.86,4448,Clothing,Shirts,94.34
Product 808,Vipe,844305.33,6899,Sports,Skincare,76.28
Product 536,Skilith,515990.45,7850,Electronics,Skincare,80.3
Product 604,Eidel,474709.32,8101,Books,Fiction,93.79
Product 199,Skyndu,103231.51,9684,Sports,Makeup,92.37
Product 413,Voonte,998042.39,1996,Toys,Pants,90.08
Product 940,Bubbletube,523510.23,5287,Sports,Board Games,36.35
Product 537,Browsezoom,273818.49,4895,Books,Board Games,32.93
Product 266,Flashset,668197.74,1727,Food,Board Games,15.43
Product 183,Jayo,759417.94,4064,Home,Fiction,13.84
Product 74,Agivu,745062.25,4406,Home,Makeup,15.61
Product 859,Centidel,543713.37,3427,Books,Board Games,29.33
Product 174,Blogtag,452748.16,8546,Food,Shirts,60.89
Product 506,Zooveo,918333.33,1475,Books,Snacks,76.24
Product 726,Eayo,961330.89,5023,Toys,Laptops,50.2
Product 887,Browsetype,921101.36,9571,Electronics,Beverages,45.49
Product 477,Agimba,260842.16,6286,Food,Non-Fiction,91.59
Product 70,Aimbu,827874.34,3248,Food,Fiction,70.18
Product 262,Cogilith,343935.25,916,Beauty,Pants,29.25
Product 913,Twinte,291930.25,4159,Clothing,Furniture,87.75
Product 20,Katz,252824.81,7069,Electronics,Snacks,12.35
Product 378,Kimia,634675.62,5191,Clothing,TVs,42.65
Product 234,Eayo,420527.07,6929,Clothing,Shirts,88.61
Product 345,Edgetag,954670.64,3057,Books,Non-Fiction,39.31
Product 215,Edgepulse,509774.03,2396,Home,Pants,39.92
Product 193,Browsezoom,435193.87,9379,Beauty,Laptops,66.18
Product 332,Vitz,240341.78,9188,Home,Appliances,56.15
Product 250,Jayo,859147.74,3462,Toys,Makeup,60
Product 432,Zoomdog,694231.68,5959,Electronics,Makeup,5.33
Product 113,Voomm,661416.19,1171,Food,Non-Fiction,91.64
Product 68,Zazio,516022.78,1545,Books,Snacks,94.1
Product 61,Yodoo,424513.88,3556,Books,Laptops,57.47
Product 808,Meetz,444679.65,2548,Home,Skincare,74.43
Product 711,Thoughtblab,30231.95,8297,Food,Shirts,73.45
Product 150,Rhybox,459791.48,7889,Food,Fiction,51.56
Product 59,Katz,827187.43,3366,Books,Appliances,69.37
Product 385,Kaymbo,312100.86,7927,Books,Laptops,51.73
Product 791,Teklist,36845.03,5478,Home,Appliances,3.11
Product 969,Meezzy,145936.34,8936,Sports,Fiction,71.43
Product 907,Fatz,111371.8,1691,Electronics,Furniture,49.88
Product 205,Innojam,610095.19,1320,Clothing,Skincare,96.11
Product 326,Reallinks,670083.32,8249,Clothing,Beverages,96.72
Product 902,Lajo,967644.33,3457,Beauty,Fitness,28.36
Product 46,Meedoo,629877.9,2813,Books,Appliances,65.82
Product 289,Photobug,786187.65,8829,Electronics,Beverages,8.73
Product 659,Fivespan,485929.68,9369,Electronics,Fiction,29.47
Product 781,Aimbu,670766.1,9086,Beauty,Board Games,29.91
Product 961,Thoughtstorm,173976.03,2198,Food,Fitness,44.43
Product 304,Photospace,878011,4896,Toys,Furniture,63.47
Product 395,Flashdog,19617.55,1558,Books,Board Games,64.09
Product 134,Dazzlesphere,807266.41,6668,Books,Non-Fiction,15.45
Product 393,Miboo,872911.74,426,Toys,Snacks,26.13
Product 785,Yodel,853631.79,9684,Clothing,Pants,58.21
Product 203,Brainsphere,135361.76,5836,Books,Fiction,65.79
Product 430,InnoZ,962617.87,6130,Toys,TVs,55.27
Product 530,Riffpath,53438.8,2849,Clothing,Beverages,62.96
Product 241,Edgetag,27558.99,1281,Sports,Appliances,50.31
Product 70,Edgeclub,439731.4,1223,Electronics,Skincare,4.92
Product 157,Oyope,170784.08,1189,Clothing,Laptops,16.87
Product 633,Jabbertype,668729.68,4885,Beauty,Appliances,53.13
Product 48,Fivechat,993302.63,423,Toys,Beverages,80.6
Product 435,Photofeed,743119.98,6896,Beauty,Appliances,78.12
Product 538,Devpoint,438805.54,2478,Books,TVs,15.93
Product 463,Realcube,313716.66,5925,Books,Non-Fiction,49.79
Product 224,Browsetype,358764.32,2994,Home,Skincare,77
Product 980,Meemm,570891.18,9777,Clothing,Board Games,36.44
Product 771,Wikido,79137.99,2088,Food,Pants,98.39
Product 323,Meejo,808907.79,9019,Sports,Fiction,61.37
Product 303,Meemm,185904.97,1498,Beauty,Non-Fiction,29.67
Product 737,Ozu,573618.06,5641,Sports,Non-Fiction,65.62
Product 494,Kwinu,318757.23,5573,Food,Fitness,81.27
Product 262,Pixoboo,171508.47,7445,Toys,Furniture,78.85
Product 223,Camido,980044.14,3224,Books,Snacks,81.4
Product 407,Twitterlist,408080.74,1655,Clothing,Furniture,82.96
Product 972,Flashspan,457885.36,5777,Books,Laptops,34.4
Product 211,Tagfeed,868567.29,4302,Beauty,Shirts,56.39
Product 769,Digitube,583405.94,2071,Clothing,Fiction,47.3
Product 619,Kwideo,649824.22,9946,Clothing,Makeup,43.35
Product 613,Skipfire,616801.37,323,Electronics,Laptops,37.17
Product 476,Oyoyo,31764.76,6041,Electronics,Non-Fiction,97.37
Product 521,Kwilith,103130.81,1750,Food,Non-Fiction,3.43
Product 283,Feedfire,432991.17,9165,Beauty,Fitness,95.73
Product 339,Linkbridge,86987.9,1782,Toys,Laptops,5.15
Product 340,Feedfish,317759.8,3244,Sports,Beverages,23.78
Product 719,Buzzshare,85076.14,2128,Electronics,Snacks,99.77
Product 801,Ozu,22244.13,8419,Toys,Laptops,42.04
Product 768,Oloo,66611.9,2044,Books,Laptops,65.19
Product 882,Skilith,203874.04,3430,Toys,Fiction,71.77
Product 771,Dynava,486788.41,2904,Electronics,Laptops,71.89
Product 149,Lajo,606312.67,9616,Beauty,Non-Fiction,68.41
Product 998,Twinder,285480.92,7688,Home,Snacks,12.04
Product 882,Blogspan,386948.67,6282,Sports,Beverages,51.31
Product 119,Dynabox,259155.46,2012,Food,Board Games,63.05
Product 403,Edgeblab,848793.2,4734,Electronics,Shirts,25.81
Product 675,Abatz,237922.34,2709,Home,Furniture,60.99
Product 72,Realcube,309518.23,2657,Home,Shirts,75.34
Product 983,Centimia,210083.71,9311,Sports,Fiction,14.5
Product 768,Flashset,676442.1,150,Clothing,Makeup,99.82
Product 93,Edgetag,749153.8,4604,Food,TVs,31.2
Product 36,Zooxo,218011.73,7322,Clothing,Makeup,12.25
Product 783,Roomm,849186.49,4592,Electronics,Beverages,72.38
Product 594,Leenti,554151.46,1359,Beauty,Pants,77.02
Product 705,Feedfish,89568.88,72,Toys,Appliances,18.3
Product 490,Plambee,80852.02,3332,Sports,Skincare,57.44
Product 284,Kimia,682030.02,6597,Electronics,TVs,38.47
Product 524,Edgeify,251186.72,5672,Food,Beverages,47.5
Product 166,Oyoyo,452085.46,4377,Beauty,Skincare,53.49
Product 703,Wikido,964888.25,1961,Home,Board Games,18.75
Product 695,Janyx,197435.82,7863,Food,Skincare,99.99
Product 637,Shufflester,315866.55,2028,Electronics,Snacks,23.91
Product 558,Devpoint,891310.99,3794,Food,Non-Fiction,94.99
Product 968,Centidel,850136.07,7191,Toys,Snacks,96.19
Product 401,Skyndu,762370.28,7328,Beauty,Fiction,21.79
Product 181,Abatz,20924.27,3450,Food,Fiction,3.89
Product 595,Avamm,803677.43,7269,Electronics,Non-Fiction,72.85
Product 968,Realblab,918200.13,9630,Home,Furniture,56.84
Product 385,Twitterbridge,848732.54,7067,Home,Beverages,17.73
Product 110,Dynava,475739.87,7577,Sports,Makeup,30.38
Product 148,Roomm,664460.98,253,Books,Fiction,53.84
Product 461,Topiclounge,18057.16,4120,Sports,Fiction,17.7
Product 282,Leexo,786069.58,207,Food,Furniture,33.08
Product 850,Skivee,146154.49,4369,Books,Fitness,81.29
Product 378,Jayo,98087.06,2821,Electronics,Beverages,1.24
Product 139,Agimba,505934.37,1518,Toys,Laptops,14.59
Product 422,Izio,87707.99,4664,Beauty,Pants,25.86
Product 250,Flipopia,338991.88,167,Sports,Laptops,41.37
Product 915,Tazz,13954,2106,Food,Appliances,75.26
Product 996,Twitterbeat,849583.04,4710,Books,Laptops,79.98
Product 278,Trilia,52108.79,8652,Sports,Makeup,53.93
Product 83,Riffpedia,787989.87,7905,Sports,Snacks,60.71
Product 393,Dynazzy,488525.26,3525,Clothing,Furniture,74.93
Product 438,Cogidoo,44194.21,7925,Books,Furniture,21.37
Product 159,Cogilith,876483.27,5148,Clothing,Snacks,59.54
Product 997,Twiyo,417110.65,1484,Electronics,Pants,29.47
Product 996,Cogidoo,123615.44,6009,Electronics,Non-Fiction,54.03
Product 613,Janyx,855548.82,4247,Toys,Shirts,20.57
Product 923,Avamm,340127.92,2653,Food,TVs,77.89
Product 105,Gigazoom,724568.78,695,Food,Appliances,14.85
Product 24,Skyble,828104.91,9078,Electronics,Makeup,21.54
Product 229,Livefish,825280.75,4245,Clothing,Laptops,52.73
Product 911,Avamba,867909.49,4772,Home,TVs,87.11
Product 171,Fatz,699824.51,530,Toys,TVs,58.21
Product 338,Zoomdog,67797.88,7651,Food,Board Games,44.58
Product 500,Einti,959807.52,8120,Electronics,Board Games,70.96
Product 839,Fanoodle,776859.6,6786,Toys,Non-Fiction,1.69
Product 206,Yambee,477520.02,3813,Food,Snacks,95.64
Product 681,Tazz,958742.6,8275,Home,Laptops,79.03
Product 61,Voolith,825462.21,6721,Books,Makeup,97.55
Product 376,Omba,692266.07,9980,Home,Beverages,26.09
Product 376,Quinu,203834.33,2122,Food,Fiction,37.22
Product 981,Ainyx,548079.1,4297,Electronics,Skincare,38.87
Product 191,Feedfish,578811.83,8157,Clothing,Snacks,32.48
Product 240,Babbleblab,89375.07,6540,Books,Non-Fiction,61.42
Product 718,Aimbo,685822.55,6370,Electronics,Beverages,61.43
Product 566,Livefish,745499.25,2680,Electronics,TVs,74.67
Product 290,Riffpath,647559.65,6045,Clothing,Laptops,78.78
Product 150,Pixonyx,658367.94,6549,Beauty,Non-Fiction,90.02
Product 39,Babbleopia,586621.37,2695,Home,Board Games,14.94
Product 96,Thoughtmix,108929.94,7202,Books,Board Games,10.78
Product 381,Oba,102615.34,5119,Books,Laptops,73.5
Product 690,Skivee,652891.39,8919,Beauty,Fitness,36.99
Product 974,Realcube,494441.99,5744,Electronics,Non-Fiction,49.12
Product 227,Quinu,748286.84,3071,Electronics,Laptops,53.01
Product 895,Skalith,35835.48,2277,Clothing,Furniture,11.76
Product 238,Trilith,696338.72,687,Books,Fiction,40.85
Product 43,Eazzy,991000.45,6446,Food,Beverages,20.11
Product 613,Zoomdog,707093.31,5354,Clothing,TVs,79.92
Product 370,Katz,911509.9,5971,Food,Fiction,91.35
Product 580,Yacero,874190.98,24,Clothing,Shirts,33.2
Product 142,Edgetag,626328.78,7949,Sports,TVs,10.28
Product 808,Twinder,625685.83,3441,Home,Board Games,75.14
Product 647,Wordpedia,231116.84,1934,Electronics,Snacks,75.71
Product 61,Oba,261814.58,3470,Toys,Shirts,40.42
Product 412,Oozz,785200.14,2498,Toys,Non-Fiction,68.62
Product 650,Browsedrive,176426.61,7972,Home,Non-Fiction,4.39
Product 195,Browsetype,907284.77,126,Electronics,Fitness,73.68
Product 482,Browsedrive,116335.88,5187,Clothing,Shirts,25.4
Product 707,Flipstorm,606419.2,9555,Home,Board Games,85.74
Product 489,Meetz,10097.06,9064,Beauty,Makeup,25.26
Product 491,Thoughtstorm,389364.82,3125,Electronics,Board Games,84.7
Product 475,Yambee,236596.02,7165,Sports,Pants,35.97
Product 426,Photofeed,536350.04,8547,Toys,Board Games,86.29
Product 281,Photobean,257013.7,9668,Books,Board Games,16
Product 515,Photojam,691938.41,4832,Toys,Fiction,6.66
Product 188,Photospace,133056.87,3909,Electronics,Board Games,99.66
Product 848,Bluejam,525626.75,723,Books,Non-Fiction,11.87
Product 675,Devshare,623761.44,9779,Toys,TVs,90.88
Product 849,Camido,942014.67,1992,Home,Fitness,6.54
Product 185,Trunyx,22716.51,9402,Clothing,Fitness,87
Product 890,Ooba,70369.28,8881,Clothing,Furniture,99.36
Product 245,Thoughtmix,87075.81,9634,Sports,Fitness,98.19
Product 729,Realblab,466351.96,7590,Food,Non-Fiction,39.28
Product 45,DabZ,26616.75,6351,Clothing,TVs,58.9
Product 354,Bubblebox,91154.22,8993,Books,Shirts,44.93
Product 226,Yodel,687220.56,8858,Electronics,Pants,73.68
Product 258,Oodoo,423015.73,4956,Beauty,Fitness,23.36
Product 789,Yata,868902.14,7009,Home,Pants,47.77
Product 440,Skyndu,138047.12,3371,Clothing,Non-Fiction,64.87
Product 624,Roodel,50558.56,3770,Food,Fiction,37.9
Product 129,Yabox,707206.06,6245,Clothing,Board Games,11.59
Product 439,Zoovu,910268.52,6730,Food,Laptops,7.47
Product 563,Vipe,541950.59,1084,Electronics,Furniture,99.89
Product 417,Brainlounge,338521.23,4519,Sports,Skincare,72.43
Product 323,Rooxo,944184.79,2810,Electronics,Fitness,50.82
Product 602,Skimia,952180.85,3240,Toys,Skincare,62.94
Product 835,Eamia,944810.59,76,Electronics,Shirts,36.28
Product 814,Twinte,652289.36,847,Electronics,Laptops,28.61
Product 388,Mita,485583.92,8743,Books,Pants,5.56
Product 413,InnoZ,307406.92,9499,Beauty,Skincare,77.85
Product 46,Fanoodle,148986.65,8172,Food,Fitness,9.08
Product 942,Agimba,276700.33,7745,Toys,Skincare,13.87
Product 381,Babbleblab,517446.24,9040,Clothing,Non-Fiction,72.84
Product 204,Flipopia,577185.64,4268,Home,Skincare,87.74
Product 566,Thoughtworks,767477.94,3786,Food,Board Games,13.28
Product 893,Fivespan,93263.59,3664,Beauty,Snacks,33.99
Product 168,Kwinu,603259.38,9658,Sports,Laptops,86.09
Product 29,Photojam,153062.79,7450,Beauty,Makeup,70.04
Product 86,Fivebridge,866450.94,4268,Toys,TVs,31.53
Product 539,Realcube,30779.53,9944,Clothing,Skincare,76.08
Product 120,Leexo,840128.67,1072,Books,Makeup,75.93
Product 847,Eabox,568283.48,9114,Electronics,TVs,69.21
Product 191,Camimbo,995552.77,1881,Home,Board Games,63.19
Product 505,Fatz,659393.49,901,Clothing,Pants,56.81
Product 169,Twiyo,209787.86,7657,Home,Snacks,77.95
Product 914,Flashset,320031.46,6692,Books,Snacks,75.81
Product 858,Skynoodle,538428.22,4031,Toys,Laptops,51.02
Product 723,Lazz,357088.65,7520,Books,Fiction,42.55
Product 101,BlogXS,225086.97,8301,Toys,Makeup,80.44
Product 790,Voomm,146253.95,2058,Toys,Pants,97.56
Product 14,Yacero,368416.61,97,Clothing,Fiction,20.77
Product 495,Yakitri,180170.14,8951,Sports,Snacks,77.53
Product 758,Buzzster,887533.41,8042,Books,Fiction,62.1
Product 121,Mycat,690583.83,2916,Food,Makeup,23.57
Product 522,Skynoodle,735923.37,1207,Sports,Board Games,54.75
Product 899,Gigaclub,657813.01,1874,Beauty,Fitness,88.91
Product 627,Yotz,452812.23,3036,Sports,Non-Fiction,83.14
Product 910,Avamba,648505.12,7824,Clothing,Board Games,45.79
Product 762,Jayo,150229.16,5,Home,Pants,54.76
Product 913,Agimba,617151.67,4331,Food,Board Games,43.72
Product 151,Twinder,388041.1,8596,Electronics,Non-Fiction,86.63
Product 730,Bluejam,827947.95,2915,Clothing,Snacks,97.55
Product 617,Photobug,384766.82,2226,Sports,Board Games,79.49
Product 639,Zooxo,415129.57,893,Toys,Beverages,37.93
Product 142,Feedfire,346360.68,3443,Clothing,Pants,7.74
Product 725,Viva,592359.31,8661,Books,Non-Fiction,8.3
Product 206,Zoomlounge,538502.08,64,Clothing,Fiction,31.76
Product 262,Realpoint,789835.57,268,Food,Fiction,51.59
Product 659,Kwilith,425886.83,1652,Electronics,Snacks,9.52
Product 988,Myworks,792253.82,4037,Electronics,Skincare,70.2
Product 831,Quatz,233776.27,4224,Electronics,Laptops,55.19
Product 80,Nlounge,140654.51,8578,Toys,Non-Fiction,75.86
Product 43,Minyx,163052.58,4462,Electronics,Fiction,64.34
Product 666,Yabox,219581.22,1822,Home,Makeup,57.96
Product 453,Skivee,685652.03,5273,Home,Fiction,31.15
Product 771,Edgeify,402655.32,6972,Books,Snacks,76.38
Product 372,Trupe,80881.12,8285,Clothing,Appliances,43
Product 392,Youbridge,475499.29,6874,Sports,Appliances,47.4
Product 165,Jayo,946500.99,6703,Clothing,Shirts,62.03
Product 820,Latz,374520.48,9703,Home,Snacks,32.04
Product 781,Ntag,53887.39,9263,Food,Fiction,75.88
Product 949,Jaloo,815173.94,986,Sports,Furniture,91.51
Product 374,Babbleopia,45276.49,6757,Sports,Beverages,15.78
Product 540,Flashpoint,906567.74,3526,Books,Appliances,28.79
Product 567,Eazzy,104842.91,4536,Sports,Snacks,85.31
Product 518,Abata,694717.97,3127,Books,Laptops,96.56
Product 726,Meezzy,535277.05,3533,Beauty,Beverages,28.21
Product 501,Cogilith,827072.17,1129,Food,Beverages,7.43
Product 399,Mynte,140990.86,4996,Beauty,Makeup,10.06
Product 285,Quinu,748435.88,6993,Beauty,Pants,58.32
Product 355,Riffwire,732697.72,6870,Food,TVs,25.94
Product 442,Camimbo,820529.25,5773,Toys,Board Games,55.39
Product 544,Skimia,910290.69,5102,Food,Non-Fiction,14.72
Product 979,Photojam,549011.94,3596,Toys,TVs,19.08
Product 722,Oyoyo,585131.35,9808,Clothing,Fiction,82.83
Product 100,Zava,23648.35,9733,Electronics,Laptops,89.36
Product 916,Dabshots,442690.3,9785,Clothing,Shirts,99.88
Product 575,Centimia,968517.57,8658,Beauty,Beverages,99.22
Product 260,Gigabox,903193.58,3048,Electronics,Fiction,13.31
Product 1000,Eare,953588.76,9214,Clothing,Laptops,41.88
Product 592,DabZ,451094.2,8931,Toys,Makeup,35.34
Product 199,Viva,384052.14,3591,Toys,Skincare,63.8
Product 170,Wikibox,889186.12,2061,Sports,Skincare,55.27
Product 547,Talane,259255.27,5884,Food,Shirts,97.06
Product 654,Ozu,792564.63,9715,Beauty,Pants,82.53
Product 95,Kazio,731221.01,2385,Clothing,Pants,9.19
Product 551,Katz,175930.44,6916,Home,Appliances,95.92
Product 963,Yakidoo,82050.56,4506,Beauty,Laptops,92.9
Product 417,Twitterwire,238878.3,6743,Beauty,Laptops,86.68
Product 976,Dablist,454497.11,1077,Clothing,Makeup,58.36
Product 344,Tazz,238512.58,9261,Home,Shirts,43.36
Product 148,Zava,562971.45,2452,Food,Snacks,92.36
Product 966,Riffwire,822049.41,2842,Clothing,Snacks,2.7
Product 727,Edgeclub,989205.51,4337,Beauty,Snacks,53.53
Product 498,Demivee,501773.81,9547,Sports,Beverages,67.38
Product 847,Realbuzz,793768.4,4258,Clothing,Pants,84.93
Product 895,Myworks,119204.03,3364,Home,Laptops,43.53
Product 69,Vitz,763285.18,5655,Food,Non-Fiction,49.71
Product 293,Twitterwire,213989.33,6265,Clothing,Fitness,87.61
Product 192,Meembee,282230.51,8487,Sports,TVs,85.88
Product 438,Devcast,127161.37,1536,Toys,TVs,97.25
Product 687,Yoveo,802420.71,6537,Toys,Furniture,69.28
Product 964,Lazz,595677.33,5549,Home,Snacks,22.23
Product 465,Vipe,75533.03,3389,Clothing,Laptops,36.82
Product 359,Aimbu,952972.89,5767,Clothing,Fiction,23.43
Product 38,Browseblab,558079.54,4336,Toys,Fiction,33.94
Product 866,Skiptube,904529.43,1749,Sports,Fiction,51.18
Product 939,Mynte,597802.13,2781,Toys,TVs,29.5
Product 572,Mybuzz,855169.2,7215,Books,Laptops,40.9
Product 216,Mita,829272.64,9420,Toys,Appliances,46.71
Product 236,Trudeo,498810.78,5975,Toys,TVs,10.61
Product 120,Dabfeed,702232.96,7265,Electronics,Makeup,90.16
Product 526,Skajo,711822.3,5954,Books,Snacks,4.32
Product 221,Devshare,506295.56,5627,Electronics,Laptops,44.91
Product 876,Topicshots,485827.29,4218,Food,Fiction,73.59
Product 541,Meejo,812875.02,2237,Toys,Skincare,92.89
Product 492,Feedbug,550869.26,2021,Food,Board Games,38.14
Product 815,Livefish,358789.38,2578,Home,Snacks,73.92
Product 904,Trupe,273444.83,3672,Beauty,Non-Fiction,8.1
Product 4,Katz,164440.99,3765,Sports,Fitness,0.98
Product 379,Devpoint,446118.09,955,Food,Fiction,82.16
Product 167,Devcast,230491.12,3282,Clothing,Shirts,53.07
Product 507,Buzzdog,362872.96,3825,Books,Non-Fiction,21.26
Product 258,Yakijo,306430.02,1879,Beauty,Shirts,7.66
Product 898,Talane,912376.35,5496,Electronics,Makeup,33.42
Product 804,Jetpulse,276717.31,4917,Food,Fitness,80.64
Product 177,Devify,923899.06,4643,Clothing,Makeup,91.14
Product 445,Livepath,282867.51,5214,Food,Non-Fiction,15.72
Product 350,Devbug,86208.83,6418,Food,Fitness,51.21
Product 386,Youbridge,355939.99,7109,Clothing,Fitness,98.51
Product 129,Skivee,733111.28,3562,Beauty,Shirts,32.32
Product 29,Photobug,549349.67,9378,Electronics,Pants,2.56
Product 382,Twitterworks,353341.39,8393,Home,Non-Fiction,47.32
Product 94,Oozz,388240.6,7157,Home,Fiction,36.66
Product 294,Gabspot,545685.71,5287,Toys,Furniture,56.56
Product 578,Chatterpoint,321319.24,7266,Books,Board Games,63.19
Product 83,Twitterwire,993094.16,6231,Clothing,Shirts,94.68
Product 597,Jayo,594564.57,605,Toys,Fitness,54.25
Product 610,Centimia,807435.27,5938,Food,Appliances,33.87
Product 827,Divape,498945.15,1812,Sports,Furniture,16.68
Product 391,Trudeo,683637.59,2501,Sports,Non-Fiction,50.34
Product 397,Jaxbean,580939.04,9785,Toys,Beverages,49.28
Product 964,Yoveo,598059.72,2229,Toys,Beverages,49.96
Product 982,Twitterworks,559381.15,9156,Home,Board Games,62.84
Product 930,Vinder,754829.29,5226,Books,Snacks,75.5
Product 452,Flashpoint,980832.79,1936,Beauty,Pants,14.83
Product 790,Babbleblab,493054.38,9298,Toys,Makeup,51.53
Product 155,Innojam,789070.44,1636,Clothing,Snacks,69.49
Product 897,Realbuzz,961359.02,3567,Books,Laptops,41.37
Product 215,Rhyzio,913926.58,9485,Books,Beverages,69.05
Product 392,Meevee,143618.35,7455,Beauty,Non-Fiction,67.54
Product 201,Tagchat,355789.98,4782,Clothing,Shirts,63.13
Product 162,Meemm,761217.24,2491,Food,Fiction,43.62
Product 749,Aimbo,190379.72,5803,Books,Snacks,38.21
Product 261,Vinte,828815.91,8176,Home,Shirts,11.4
Product 917,Mybuzz,888364.88,8792,Electronics,Fitness,70.43
Product 666,Youtags,66732.96,7271,Sports,Makeup,69.03
Product 518,Jaxbean,461492.07,2047,Electronics,Skincare,70.48
Product 803,Skivee,34712.99,6612,Home,Snacks,95.3
Product 244,Einti,47918.35,9078,Books,Fitness,45.24
Product 851,Skimia,379073.78,5518,Toys,Skincare,69.42
Product 96,Skalith,430934.03,8811,Beauty,Non-Fiction,2.93
Product 59,Flashdog,57578.91,5160,Electronics,Makeup,62.55
Product 136,Jazzy,750260.58,2170,Beauty,Snacks,0.51
Product 613,Trilia,638249.38,559,Clothing,TVs,24.48
Product 421,Skimia,742875.68,8468,Beauty,Laptops,22
Product 129,Yombu,479000.57,7812,Home,Snacks,39.8
Product 793,Rhybox,659707.17,123,Toys,TVs,53.16
Product 307,Meembee,378592.27,1024,Books,Makeup,61.96
Product 230,Katz,630737.4,3746,Books,Snacks,85.22
Product 208,Kwimbee,474355.34,900,Beauty,Fiction,33.75
Product 515,Skibox,183129.31,2295,Sports,TVs,89.5
Product 445,Edgeify,289961.4,8675,Clothing,Appliances,95.44
Product 613,Eamia,213455.76,4351,Food,Non-Fiction,65.66
Product 188,Jabberstorm,801635.6,3326,Electronics,TVs,23.77
Product 395,Meeveo,768730.16,3833,Sports,Fiction,30.29
Product 711,Tavu,295367.09,9880,Toys,Fiction,74.31
Product 496,Snaptags,864315.09,165,Beauty,Snacks,48.74
Product 215,Realcube,691110.82,6664,Electronics,Makeup,2.41
Product 603,Edgeclub,86326.92,1426,Beauty,Board Games,2.84
Product 805,Realcube,655916.75,2975,Sports,Beverages,15.06
Product 812,Youbridge,532500.5,7595,Toys,Laptops,10.94
Product 5,Cogidoo,872537.45,3024,Sports,Skincare,47.97
Product 143,Leexo,309174.3,216,Books,Pants,73.59
Product 358,Livetube,528146.85,4850,Toys,Fitness,51.87
Product 148,Brightdog,705520.56,6574,Sports,Snacks,68.48
Product 304,Brainverse,140620.12,7818,Clothing,Snacks,78.26
Product 724,Eazzy,202002.95,7929,Electronics,Appliances,74.26
Product 847,Ainyx,551419.76,4811,Beauty,Laptops,14.48
Product 169,Trudeo,213967.82,6837,Electronics,Laptops,49.5
Product 615,Tekfly,366501.26,6720,Electronics,Appliances,24.36
Product 639,Bubbletube,636240.64,9553,Beauty,Fiction,55.37
Product 402,Buzzster,316414.55,8612,Books,TVs,95.47
Product 570,Izio,626476.2,8667,Food,Board Games,53.88
